prot_acc,prot_desc,prot_score,prot_mass,prot_sequences_sig,emPAI_value
RBSB_ECOLI,Ribose import binding protein RbsB OS=Escherichia coli (strain K12) GN=rbsB PE=1 SV=1,4097,30931,15,14.74
DPS_ECOBW,DNA protection during starvation protein OS=Escherichia coli (strain K12 / MC4100 / BW2952) GN=dps PE=3 SV=1,2071,18684,13,70.11
DNAK_ECOHS,Chaperone protein DnaK OS=Escherichia coli O9:H4 (strain HS) GN=dnaK PE=3 SV=1,1579,69146,24,7.36
CLPB_ECOLI,Chaperone protein ClpB OS=Escherichia coli (strain K12) GN=clpB PE=1 SV=1,1500,95697,27,3.65
EFTU1_ECO24,Elongation factor Tu 1 OS=Escherichia coli O139:H28 (strain E24377A / ETEC) GN=tuf1 PE=3 SV=1,1217,43427,14,4.71
PFLB_ECOLI,Formate acetyltransferase 1 OS=Escherichia coli (strain K12) GN=pflB PE=1 SV=2,1209,85588,28,4.91
GLPK_ECOBW,Glycerol kinase OS=Escherichia coli (strain K12 / MC4100 / BW2952) GN=glpK PE=3 SV=1,1083,56480,19,6.16
TNAA_ECOBW,Tryptophanase OS=Escherichia coli (strain K12 / MC4100 / BW2952) GN=tnaA PE=3 SV=1,1063,53139,17,5.08
EFG_ECOBW,Elongation factor G OS=Escherichia coli (strain K12 / MC4100 / BW2952) GN=fusA PE=3 SV=1,994,77704,18,2.93
SYA_ECODH,Alanine--tRNA ligase OS=Escherichia coli (strain K12 / DH10B) GN=alaS PE=3 SV=1,846,96315,21,2.02
ENO_ECOBW,Enolase OS=Escherichia coli (strain K12 / MC4100 / BW2952) GN=eno PE=3 SV=1,792,45683,12,3.2
MDH_ECOBW,Malate dehydrogenase OS=Escherichia coli (strain K12 / MC4100 / BW2952) GN=mdh PE=3 SV=1,790,32488,10,3.69
CATE_ECOLI,Catalase HPII OS=Escherichia coli (strain K12) GN=katE PE=1 SV=1,790,84224,17,1.78
CH60_ECO24,60 kDa chaperonin OS=Escherichia coli O139:H28 (strain E24377A / ETEC) GN=groL PE=3 SV=1,624,57464,15,3.46
ACNB_ECOLI,Aconitate hydratase B OS=Escherichia coli (strain K12) GN=acnB PE=1 SV=3,620,94009,16,1.37
KPYK1_ECO57,Pyruvate kinase I OS=Escherichia coli O157:H7 GN=pykF PE=3 SV=1,619,51039,16,4.38
MODA_ECOLI,Molybdate-binding periplasmic protein OS=Escherichia coli (strain K12) GN=modA PE=1 SV=1,610,27347,12,8.04
G3P1_ECO57,Glyceraldehyde-3-phosphate dehydrogenase A OS=Escherichia coli O157:H7 GN=gapA PE=3 SV=2,602,35681,12,5.27
PGK_ECOHS,Phosphoglycerate kinase OS=Escherichia coli O9:H4 (strain HS) GN=pgk PE=3 SV=1,588,41250,12,3.89
PURA_ECOBW,Adenylosuccinate synthetase OS=Escherichia coli (strain K12 / MC4100 / BW2952) GN=purA PE=3 SV=1,576,47543,14,3.43
ODP1_ECO57,Pyruvate dehydrogenase E1 component OS=Escherichia coli O157:H7 GN=aceE PE=1 SV=2,543,99948,18,1.63
SUCC_ECOBW,Succinate--CoA ligase [ADP-forming] subunit beta OS=Escherichia coli (strain K12 / MC4100 / BW2952) GN=sucC PE=3 SV=1,521,41652,11,3.28
PUR9_ECO24,Bifunctional purine biosynthesis protein PurH OS=Escherichia coli O139:H28 (strain E24377A / ETEC) GN=purH PE=3 SV=1,509,57765,10,1.4
RPOC_ECODH,DNA-directed RNA polymerase subunit beta~ OS=Escherichia coli (strain K12 / DH10B) GN=rpoC PE=3 SV=1,492,155918,13,0.53
SYP_ECOBW,Proline--tRNA ligase OS=Escherichia coli (strain K12 / MC4100 / BW2952) GN=proS PE=3 SV=1,478,63710,12,1.59
PTGA_ECOLI,PTS system glucose-specific EIIA component OS=Escherichia coli (strain K12) GN=crr PE=1 SV=2,477,18240,6,5.75
ALF1_ECOL6,Fructose-bisphosphate aldolase class 1 OS=Escherichia coli O6:H1 (strain CFT073 / ATCC 700928 / UPEC) GN=fbaB PE=3 SV=2,467,38313,9,2.72
KATG_ECODH,Catalase-peroxidase OS=Escherichia coli (strain K12 / DH10B) GN=katG PE=3 SV=1,463,80031,12,1.14
ALDA_ECOLI,Lactaldehyde dehydrogenase OS=Escherichia coli (strain K12) GN=aldA PE=1 SV=2,463,52411,9,1.38
ACEA_ECOLI,Isocitrate lyase OS=Escherichia coli (strain K12) GN=aceA PE=1 SV=1,448,47777,10,1.88
DGAL_ECOLI,D-galactose-binding periplasmic protein OS=Escherichia coli (strain K12) GN=mglB PE=1 SV=1,436,35690,11,3.7
PTA_ECOLI,Phosphate acetyltransferase OS=Escherichia coli (strain K12) GN=pta PE=1 SV=2,434,77466,9,0.8
IMDH_ECOLI,Inosine-5~-monophosphate dehydrogenase OS=Escherichia coli (strain K12) GN=guaB PE=1 SV=1,404,52275,9,1.39
SURA_ECOLI,Chaperone SurA OS=Escherichia coli (strain K12) GN=surA PE=1 SV=1,400,47254,10,1.91
SYGB_ECOBW,Glycine--tRNA ligase beta subunit OS=Escherichia coli (strain K12 / MC4100 / BW2952) GN=glyS PE=3 SV=1,395,76936,12,1.2
GLYA_ECOBW,Serine hydroxymethyltransferase OS=Escherichia coli (strain K12 / MC4100 / BW2952) GN=glyA PE=3 SV=1,383,45459,11,2.78
TALA_ECOLI,Transaldolase A OS=Escherichia coli (strain K12) GN=talA PE=3 SV=1,371,35865,11,3.68
ASPA_ECOLI,Aspartate ammonia-lyase OS=Escherichia coli (strain K12) GN=aspA PE=1 SV=1,363,52950,11,1.86
TKT2_ECOLI,Transketolase 2 OS=Escherichia coli (strain K12) GN=tktB PE=1 SV=1,357,73225,10,1.14
SUCD_ECOLI,Succinate--CoA ligase [ADP-forming] subunit alpha OS=Escherichia coli (strain K12) GN=sucD PE=1 SV=2,352,30044,8,2.8
PNP_ECOBW,Polyribonucleotide nucleotidyltransferase OS=Escherichia coli (strain K12 / MC4100 / BW2952) GN=pnp PE=3 SV=1,350,77110,11,1.2
KPYK2_ECOLI,Pyruvate kinase II OS=Escherichia coli (strain K12) GN=pykA PE=1 SV=3,349,51553,10,1.67
ADHE_ECOLI,Aldehyde-alcohol dehydrogenase OS=Escherichia coli (strain K12) GN=adhE PE=1 SV=2,347,96580,12,0.88
SYV_ECOLI,Valine--tRNA ligase OS=Escherichia coli (strain K12) GN=valS PE=1 SV=2,336,108580,11,0.67
KDUD_ECOLI,2-dehydro-3-deoxy-D-gluconate 5-dehydrogenase OS=Escherichia coli (strain K12) GN=kduD PE=1 SV=2,335,27167,10,5.31
TKT1_ECOLI,Transketolase 1 OS=Escherichia coli (strain K12) GN=tktA PE=1 SV=5,332,72451,8,0.88
SYFB_ECOLI,Phenylalanine--tRNA ligase beta subunit OS=Escherichia coli (strain K12) GN=pheT PE=1 SV=2,331,88065,10,0.78
ACP_ECOBW,Acyl carrier protein OS=Escherichia coli (strain K12 / MC4100 / BW2952) GN=acpP PE=3 SV=1,326,8634,4,8.31
SYM_ECOHS,Methionine--tRNA ligase OS=Escherichia coli O9:H4 (strain HS) GN=metG PE=3 SV=1,320,76675,10,0.94
PEPB_ECOBW,Peptidase B OS=Escherichia coli (strain K12 / MC4100 / BW2952) GN=pepB PE=3 SV=1,317,46436,11,2.31
ALDB_ECOLI,Aldehyde dehydrogenase B OS=Escherichia coli (strain K12) GN=aldB PE=1 SV=2,311,56670,8,1.04
SYL_ECOBW,Leucine--tRNA ligase OS=Escherichia coli (strain K12 / MC4100 / BW2952) GN=leuS PE=3 SV=1,307,97799,8,0.6
FLAV_ECOLI,Flavodoxin 1 OS=Escherichia coli (strain K12) GN=fldA PE=1 SV=2,307,19896,4,1.72
FUMA_ECOLI,"Fumarate hydratase class I, aerobic OS=Escherichia coli (strain K12) GN=fumA PE=1 SV=2",305,60774,6,0.65
SYI_ECOBW,Isoleucine--tRNA ligase OS=Escherichia coli (strain K12 / MC4100 / BW2952) GN=ileS PE=3 SV=1,304,105029,9,0.55
GLNH_ECOLI,Glutamine-binding periplasmic protein OS=Escherichia coli (strain K12) GN=glnH PE=1 SV=1,303,27173,5,1.51
RPOB_ECOBW,DNA-directed RNA polymerase subunit beta OS=Escherichia coli (strain K12 / MC4100 / BW2952) GN=rpoB PE=3 SV=1,302,150937,13,0.55
DCYD_ECOBW,D-cysteine desulfhydrase OS=Escherichia coli (strain K12 / MC4100 / BW2952) GN=dcyD PE=3 SV=1,293,35302,7,1.71
DAPD_ECOBW,"2,3,4,5-tetrahydropyridine-2,6-dicarboxylate N-succinyltransferase OS=Escherichia coli (strain K12 / MC4100 / BW2952) GN=dapD PE=3 SV=1",290,30044,7,2.21
DCEA_ECOLI,Glutamate decarboxylase alpha OS=Escherichia coli (strain K12) GN=gadA PE=1 SV=1,290,53221,9,1.35
YTFQ_ECOLI,ABC transporter periplasmic-binding protein YtfQ OS=Escherichia coli (strain K12) GN=ytfQ PE=1 SV=1,283,34437,5,1.08
ACSA_ECOLI,Acetyl-coenzyme A synthetase OS=Escherichia coli (strain K12) GN=acs PE=1 SV=2,283,72447,8,0.75
THIO_ECOLI,Thioredoxin 1 OS=Escherichia coli (strain K12) GN=trxA PE=1 SV=2,279,11913,5,6.87
RL1_ECO24,50S ribosomal protein L1 OS=Escherichia coli O139:H28 (strain E24377A / ETEC) GN=rplA PE=3 SV=1,275,24714,6,2.36
RL9_ECO24,50S ribosomal protein L9 OS=Escherichia coli O139:H28 (strain E24377A / ETEC) GN=rplI PE=3 SV=1,273,15759,6,5.57
ATPA_ECOBW,ATP synthase subunit alpha OS=Escherichia coli (strain K12 / MC4100 / BW2952) GN=atpA PE=3 SV=1,273,55416,9,1.27
BFR_ECOLI,Bacterioferritin OS=Escherichia coli (strain K12) GN=bfr PE=1 SV=1,272,18483,6,3.99
ASPG2_ECOLI,L-asparaginase 2 OS=Escherichia coli (strain K12) GN=ansB PE=1 SV=2,266,36942,4,0.72
POXB_ECOLI,Pyruvate dehydrogenase [ubiquinone] OS=Escherichia coli (strain K12) GN=poxB PE=1 SV=1,260,62542,9,1.07
SYK2_ECO57,"Lysine--tRNA ligase, heat inducible OS=Escherichia coli O157:H7 GN=lysU PE=3 SV=2",259,57847,10,1.4
CAPP_ECOBW,Phosphoenolpyruvate carboxylase OS=Escherichia coli (strain K12 / MC4100 / BW2952) GN=ppc PE=3 SV=1,256,99456,10,0.67
MASZ_ECOLI,Malate synthase G OS=Escherichia coli (strain K12) GN=glcB PE=1 SV=3,256,80780,7,0.55
DCEB_ECOLI,Glutamate decarboxylase beta OS=Escherichia coli (strain K12) GN=gadB PE=1 SV=1,256,53204,8,1.14
TIG_ECOBW,Trigger factor OS=Escherichia coli (strain K12 / MC4100 / BW2952) GN=tig PE=1 SV=1,255,48163,8,1.31
FABI_ECOLI,Enoyl-[acyl-carrier-protein] reductase [NADH] FabI OS=Escherichia coli (strain K12) GN=fabI PE=1 SV=2,240,28074,6,1.92
SYH_ECOBW,Histidine--tRNA ligase OS=Escherichia coli (strain K12 / MC4100 / BW2952) GN=hisS PE=3 SV=1,239,47285,6,0.9
TALB_ECOLI,Transaldolase B OS=Escherichia coli (strain K12) GN=talB PE=1 SV=2,238,35368,8,2.12
AAT_ECOLI,Aspartate aminotransferase OS=Escherichia coli (strain K12) GN=aspC PE=1 SV=1,233,43831,9,1.82
YFCZ_ECOLI,UPF0381 protein YfcZ OS=Escherichia coli (strain K12) GN=yfcZ PE=3 SV=1,228,10710,2,1.5
PCKA_ECOBW,Phosphoenolpyruvate carboxykinase (ATP) OS=Escherichia coli (strain K12 / MC4100 / BW2952) GN=pckA PE=3 SV=1,227,59891,8,0.96
GATZ_ECOBW,"D-tagatose-1,6-bisphosphate aldolase subunit GatZ OS=Escherichia coli (strain K12 / MC4100 / BW2952) GN=gatZ PE=3 SV=1",227,47535,8,1.34
CISY_ECOLI,Citrate synthase OS=Escherichia coli (strain K12) GN=gltA PE=1 SV=1,223,48383,5,0.68
HTPG_ECOHS,Chaperone protein HtpG OS=Escherichia coli O9:H4 (strain HS) GN=htpG PE=3 SV=1,222,71378,6,0.53
NQOR_ECOBW,NAD(P)H dehydrogenase (quinone) OS=Escherichia coli (strain K12 / MC4100 / BW2952) GN=BWG_0858 PE=3 SV=1,221,20832,6,4.32
PROA_ECOBW,Gamma-glutamyl phosphate reductase OS=Escherichia coli (strain K12 / MC4100 / BW2952) GN=proA PE=3 SV=1,220,45001,6,1.19
FKBA_ECOLI,FKBP-type peptidyl-prolyl cis-trans isomerase FkpA OS=Escherichia coli (strain K12) GN=fkpA PE=1 SV=1,219,28864,5,1.38
YGGE_ECOLI,Uncharacterized protein YggE OS=Escherichia coli (strain K12) GN=yggE PE=4 SV=1,214,26619,7,2.73
IF2_ECO24,Translation initiation factor IF-2 OS=Escherichia coli O139:H28 (strain E24377A / ETEC) GN=infB PE=3 SV=1,213,97461,7,0.44
OPPA_ECOLI,Periplasmic oligopeptide-binding protein OS=Escherichia coli (strain K12) GN=oppA PE=1 SV=2,212,60975,5,0.65
GLRX2_ECO57,Glutaredoxin 2 OS=Escherichia coli O157:H7 GN=grxB PE=3 SV=1,212,24449,7,3.19
ACNA_ECOLI,Aconitate hydratase A OS=Escherichia coli (strain K12) GN=acnA PE=1 SV=3,210,98015,10,0.68
MSYB_ECOLI,Acidic protein MsyB OS=Escherichia coli (strain K12) GN=msyB PE=4 SV=1,208,14307,2,1.81
PFKB_ECOLI,ATP-dependent 6-phosphofructokinase isozyme 2 OS=Escherichia coli (strain K12) GN=pfkB PE=1 SV=2,206,32664,4,0.85
RL10_ECO24,50S ribosomal protein L10 OS=Escherichia coli O139:H28 (strain E24377A / ETEC) GN=rplJ PE=3 SV=1,206,17757,4,2.06
PSTS_ECOLI,Phosphate-binding protein PstS OS=Escherichia coli (strain K12) GN=pstS PE=1 SV=1,205,37001,7,1.59
RAPA_ECOBW,RNA polymerase-associated protein RapA OS=Escherichia coli (strain K12 / MC4100 / BW2952) GN=rapA PE=3 SV=1,204,110043,6,0.32
DLDH_ECOLI,Dihydrolipoyl dehydrogenase OS=Escherichia coli (strain K12) GN=lpdA PE=1 SV=2,202,50942,6,0.81
ALKH_ECOLI,KHG/KDPG aldolase OS=Escherichia coli (strain K12) GN=eda PE=1 SV=1,202,22441,4,1.44
KAD_ECOBW,Adenylate kinase OS=Escherichia coli (strain K12 / MC4100 / BW2952) GN=adk PE=3 SV=1,201,23628,6,2.55
HNS_ECOLI,DNA-binding protein H-NS OS=Escherichia coli (strain K12) GN=hns PE=1 SV=2,199,15587,6,5.75
CRP_ECOLI,cAMP-activated global transcriptional regulator CRP OS=Escherichia coli (strain K12) GN=crp PE=1 SV=1,198,23796,5,1.86
TYPA_ECOLI,GTP-binding protein TypA/BipA OS=Escherichia coli (strain K12) GN=typA PE=1 SV=2,198,67542,4,0.35
RL7_ECO24,50S ribosomal protein L7/L12 OS=Escherichia coli O139:H28 (strain E24377A / ETEC) GN=rplL PE=3 SV=1,196,12288,5,6.32
GRCA_ECOBW,Autonomous glycyl radical cofactor OS=Escherichia coli (strain K12 / MC4100 / BW2952) GN=grcA PE=3 SV=1,194,14332,6,6.9
RIR1_ECOLI,Ribonucleoside-diphosphate reductase 1 subunit alpha OS=Escherichia coli (strain K12) GN=nrdA PE=1 SV=2,193,86348,8,0.6
AMPN_ECOLI,Aminopeptidase N OS=Escherichia coli (strain K12) GN=pepN PE=1 SV=2,191,99313,7,0.43
6PGD_ECOLI,"6-phosphogluconate dehydrogenase, decarboxylating OS=Escherichia coli (strain K12) GN=gnd PE=1 SV=2",188,51563,9,1.41
YNHG_ECOLI,"Probable L,D-transpeptidase YnhG OS=Escherichia coli (strain K12) GN=ynhG PE=1 SV=1",184,36117,5,1.01
FABB_ECOLI,3-oxoacyl-[acyl-carrier-protein] synthase 1 OS=Escherichia coli (strain K12) GN=fabB PE=1 SV=1,181,42928,5,0.8
HCHA_ECOBW,Protein deglycase HchA OS=Escherichia coli (strain K12 / MC4100 / BW2952) GN=hchA PE=3 SV=1,180,31285,3,0.62
OSMY_ECOLI,Osmotically-inducible protein Y OS=Escherichia coli (strain K12) GN=osmY PE=1 SV=1,179,21061,4,1.57
IDH_ECOLI,Isocitrate dehydrogenase [NADP] OS=Escherichia coli (strain K12) GN=icd PE=1 SV=1,178,46070,9,1.68
ODO1_ECO57,2-oxoglutarate dehydrogenase E1 component OS=Escherichia coli O157:H7 GN=sucA PE=3 SV=1,178,105566,6,0.33
RRF_ECOBW,Ribosome-recycling factor OS=Escherichia coli (strain K12 / MC4100 / BW2952) GN=frr PE=3 SV=1,177,20683,3,1.06
GABT_ECOLI,4-aminobutyrate aminotransferase GabT OS=Escherichia coli (strain K12) GN=gabT PE=1 SV=1,172,46202,5,0.73
EFTS_ECOBW,Elongation factor Ts OS=Escherichia coli (strain K12 / MC4100 / BW2952) GN=tsf PE=3 SV=1,171,30518,7,2.16
SYS_ECOBW,Serine--tRNA ligase OS=Escherichia coli (strain K12 / MC4100 / BW2952) GN=serS PE=3 SV=1,169,48669,5,0.68
GLMM_ECOBW,Phosphoglucosamine mutase OS=Escherichia coli (strain K12 / MC4100 / BW2952) GN=glmM PE=3 SV=1,169,47799,6,0.88
GLTI_ECOLI,Glutamate/aspartate import solute-binding protein OS=Escherichia coli (strain K12) GN=gltI PE=1 SV=2,168,33513,3,0.57
YAJQ_ECOBW,UPF0234 protein YajQ OS=Escherichia coli (strain K12 / MC4100 / BW2952) GN=yajQ PE=3 SV=1,166,18333,5,2.88
RHO_ECOLI,Transcription termination factor Rho OS=Escherichia coli (strain K12) GN=rho PE=1 SV=1,166,47032,5,0.71
OPDA_ECOLI,Oligopeptidase A OS=Escherichia coli (strain K12) GN=prlC PE=3 SV=3,163,77461,7,0.58
MLAC_ECOLI,Probable phospholipid-binding protein MlaC OS=Escherichia coli (strain K12) GN=mlaC PE=1 SV=1,162,23947,4,1.3
ACUI_ECOLI,Probable acrylyl-CoA reductase AcuI OS=Escherichia coli (strain K12) GN=acuI PE=1 SV=1,161,34873,4,0.78
GPMA_ECOBW,"2,3-bisphosphoglycerate-dependent phosphoglycerate mutase OS=Escherichia coli (strain K12 / MC4100 / BW2952) GN=gpmA PE=3 SV=1",160,28539,5,1.41
PFKA_ECOBW,ATP-dependent 6-phosphofructokinase isozyme 1 OS=Escherichia coli (strain K12 / MC4100 / BW2952) GN=pfkA PE=3 SV=1,160,35162,3,0.54
PHEA_ECOLI,P-protein OS=Escherichia coli (strain K12) GN=pheA PE=1 SV=1,160,43312,4,0.59
PHOL_ECOLI,PhoH-like protein OS=Escherichia coli (strain K12) GN=ybeZ PE=3 SV=2,158,39129,4,0.67
SYD_ECOBW,Aspartate--tRNA ligase OS=Escherichia coli (strain K12 / MC4100 / BW2952) GN=aspS PE=3 SV=1,158,66157,5,0.47
GUAA_ECOBW,GMP synthase [glutamine-hydrolyzing] OS=Escherichia coli (strain K12 / MC4100 / BW2952) GN=guaA PE=3 SV=1,156,59041,3,0.29
PT1_ECOLI,Phosphoenolpyruvate-protein phosphotransferase OS=Escherichia coli (strain K12) GN=ptsI PE=1 SV=1,155,63750,7,0.74
YHGF_ECOLI,Protein YhgF OS=Escherichia coli (strain K12) GN=yhgF PE=1 SV=3,153,85352,4,0.27
TYPH_ECODH,Thymidine phosphorylase OS=Escherichia coli (strain K12 / DH10B) GN=deoA PE=3 SV=1,152,47291,6,0.9
KPRS_ECOLI,Ribose-phosphate pyrophosphokinase OS=Escherichia coli (strain K12) GN=prs PE=1 SV=2,151,34425,3,0.55
KBL_ECOLI,2-amino-3-ketobutyrate coenzyme A ligase OS=Escherichia coli (strain K12) GN=kbl PE=1 SV=1,148,43432,5,0.79
PGM_ECOLI,Phosphoglucomutase OS=Escherichia coli (strain K12) GN=pgm PE=1 SV=1,148,58610,5,0.54
PUR4_ECO57,Phosphoribosylformylglycinamidine synthase OS=Escherichia coli O157:H7 GN=purL PE=3 SV=3,146,142110,5,0.2
RS6_ECO24,30S ribosomal protein S6 OS=Escherichia coli O139:H28 (strain E24377A / ETEC) GN=rpsF PE=3 SV=1,145,15177,3,1.65
HLDD_ECOBW,ADP-L-glycero-D-manno-heptose-6-epimerase OS=Escherichia coli (strain K12 / MC4100 / BW2952) GN=hldD PE=3 SV=1,145,34985,4,0.78
DHAS_ECOLI,Aspartate-semialdehyde dehydrogenase OS=Escherichia coli (strain K12) GN=asd PE=1 SV=1,143,40221,3,0.46
PEPD_ECOLI,Cytosol non-specific dipeptidase OS=Escherichia coli (strain K12) GN=pepD PE=1 SV=3,142,53110,5,0.61
ILVC_ECOBW,Ketol-acid reductoisomerase (NADP(+)) OS=Escherichia coli (strain K12 / MC4100 / BW2952) GN=ilvC PE=3 SV=1,141,54376,5,0.59
NADE_ECOBW,NH(3)-dependent NAD(+) synthetase OS=Escherichia coli (strain K12 / MC4100 / BW2952) GN=nadE PE=3 SV=1,141,30789,2,0.39
GYRA_ECOLI,DNA gyrase subunit A OS=Escherichia coli (strain K12) GN=gyrA PE=1 SV=1,140,97132,4,0.23
YDHR_ECOLI,Putative monooxygenase YdhR OS=Escherichia coli (strain K12) GN=ydhR PE=1 SV=1,138,11281,4,4.63
SYQ_ECOBW,Glutamine--tRNA ligase OS=Escherichia coli (strain K12 / MC4100 / BW2952) GN=glnS PE=3 SV=1,138,64008,5,0.48
ALF_ECOLI,Fructose-bisphosphate aldolase class 2 OS=Escherichia coli (strain K12) GN=fbaA PE=1 SV=2,136,39351,3,0.47
LON_ECOLI,Lon protease OS=Escherichia coli (strain K12) GN=lon PE=1 SV=1,136,87725,5,0.34
PDXB_ECOBW,Erythronate-4-phosphate dehydrogenase OS=Escherichia coli (strain K12 / MC4100 / BW2952) GN=pdxB PE=3 SV=1,135,41684,4,0.62
DCP_ECOLI,Dipeptidyl carboxypeptidase OS=Escherichia coli (strain K12) GN=dcp PE=1 SV=4,134,77581,3,0.22
AHPC_ECOLI,Alkyl hydroperoxide reductase subunit C OS=Escherichia coli (strain K12) GN=ahpC PE=1 SV=2,133,20862,5,2.3
RS1_ECO57,30S ribosomal protein S1 OS=Escherichia coli O157:H7 GN=rpsA PE=3 SV=1,132,61235,5,0.51
LPP_ECOLI,Major outer membrane prolipoprotein Lpp OS=Escherichia coli (strain K12) GN=lpp PE=1 SV=1,132,8375,2,2.18
GCSP_ECOBW,Glycine dehydrogenase (decarboxylating) OS=Escherichia coli (strain K12 / MC4100 / BW2952) GN=gcvP PE=3 SV=1,130,105051,4,0.21
UGPB_ECOLI,sn-glycerol-3-phosphate-binding periplasmic protein UgpB OS=Escherichia coli (strain K12) GN=ugpB PE=1 SV=1,130,48532,5,0.68
ACCC_ECOLI,Biotin carboxylase OS=Escherichia coli (strain K12) GN=accC PE=1 SV=2,130,49745,3,0.36
YGHA_ECOLI,Uncharacterized oxidoreductase YghA OS=Escherichia coli (strain K12) GN=yghA PE=1 SV=1,129,31639,6,1.59
AHPF_ECOLI,Alkyl hydroperoxide reductase subunit F OS=Escherichia coli (strain K12) GN=ahpF PE=1 SV=2,129,56484,5,0.56
YEHZ_ECOLI,Glycine betaine-binding protein YehZ OS=Escherichia coli (strain K12) GN=yehZ PE=1 SV=1,128,32589,6,1.52
PTNAB_ECOLI,PTS system mannose-specific EIIAB component OS=Escherichia coli (strain K12) GN=manX PE=1 SV=2,127,35026,3,0.54
SYT_ECOBW,Threonine--tRNA ligase OS=Escherichia coli (strain K12 / MC4100 / BW2952) GN=thrS PE=3 SV=1,126,74708,2,0.15
GPDA_ECOBW,Glycerol-3-phosphate dehydrogenase [NAD(P)+] OS=Escherichia coli (strain K12 / MC4100 / BW2952) GN=gpsA PE=3 SV=1,125,36567,4,0.74
DKGA_ECOLI,"2,5-diketo-D-gluconic acid reductase A OS=Escherichia coli (strain K12) GN=dkgA PE=1 SV=3",124,31147,3,0.62
YIIS_ECOLI,UPF0381 protein YiiS OS=Escherichia coli (strain K12) GN=yiiS PE=1 SV=1,124,10997,2,1.43
YGGL_ECOLI,Uncharacterized protein YggL OS=Escherichia coli (strain K12) GN=yggL PE=4 SV=2,123,12986,2,1.13
ASNC_ECOLI,Regulatory protein AsnC OS=Escherichia coli (strain K12) GN=asnC PE=1 SV=1,120,16991,4,3.3
QOR1_ECOLI,Quinone oxidoreductase 1 OS=Escherichia coli (strain K12) GN=qorA PE=1 SV=1,120,35265,5,1.04
RS7_ECO24,30S ribosomal protein S7 OS=Escherichia coli O139:H28 (strain E24377A / ETEC) GN=rpsG PE=3 SV=1,120,17593,3,1.34
NRDD_ECOLI,Anaerobic ribonucleoside-triphosphate reductase OS=Escherichia coli (strain K12) GN=nrdD PE=1 SV=2,118,80884,5,0.37
UXUB_ECOLI,D-mannonate oxidoreductase OS=Escherichia coli (strain K12) GN=uxuB PE=3 SV=1,118,54116,4,0.45
DPPA_ECOLI,Periplasmic dipeptide transport protein OS=Escherichia coli (strain K12) GN=dppA PE=1 SV=1,118,60483,3,0.29
UXAC_ECOBW,Uronate isomerase OS=Escherichia coli (strain K12 / MC4100 / BW2952) GN=uxaC PE=3 SV=1,118,54352,3,0.32
ALSB_ECOLI,D-allose-binding periplasmic protein OS=Escherichia coli (strain K12) GN=alsB PE=1 SV=1,118,32946,2,0.36
YCAR_ECOBW,UPF0434 protein YcaR OS=Escherichia coli (strain K12 / MC4100 / BW2952) GN=ycaR PE=3 SV=1,118,7022,4,14.3
YEBV_ECOLI,Uncharacterized protein YebV OS=Escherichia coli (strain K12) GN=yebV PE=1 SV=1,117,8861,2,1.97
ARAF_ECOLI,L-arabinose-binding periplasmic protein OS=Escherichia coli (strain K12) GN=araF PE=1 SV=2,116,35575,4,0.76
MASY_ECOLI,Malate synthase A OS=Escherichia coli (strain K12) GN=aceB PE=1 SV=1,116,60521,3,0.29
MAO1_ECO24,NAD-dependent malic enzyme OS=Escherichia coli O139:H28 (strain E24377A / ETEC) GN=maeA PE=3 SV=1,115,63481,3,0.27
NIKA_ECOLI,Nickel-binding periplasmic protein OS=Escherichia coli (strain K12) GN=nikA PE=1 SV=1,115,58739,3,0.29
FRDA_ECOLI,Fumarate reductase flavoprotein subunit OS=Escherichia coli (strain K12) GN=frdA PE=1 SV=3,114,66500,3,0.26
OMPA_ECOLI,Outer membrane protein A OS=Escherichia coli (strain K12) GN=ompA PE=1 SV=1,113,37292,3,0.5
DEGP_ECOLI,Periplasmic serine endoprotease DegP OS=Escherichia coli (strain K12) GN=degP PE=1 SV=1,112,49438,2,0.23
SYW_ECOLI,Tryptophan--tRNA ligase OS=Escherichia coli (strain K12) GN=trpS PE=1 SV=3,111,37642,4,0.71
RS3_ECO24,30S ribosomal protein S3 OS=Escherichia coli O139:H28 (strain E24377A / ETEC) GN=rpsC PE=3 SV=1,111,25967,2,0.47
YAJO_ECOLI,Uncharacterized oxidoreductase YajO OS=Escherichia coli (strain K12) GN=yajO PE=3 SV=2,111,36569,2,0.32
GABD_ECOLI,Succinate-semialdehyde dehydrogenase [NADP(+)] GabD OS=Escherichia coli (strain K12) GN=gabD PE=1 SV=1,110,52030,5,0.62
YAEH_ECOBW,UPF0325 protein YaeH OS=Escherichia coli (strain K12 / MC4100 / BW2952) GN=yaeH PE=3 SV=1,109,15144,3,1.67
GRPE_ECOBW,Protein GrpE OS=Escherichia coli (strain K12 / MC4100 / BW2952) GN=grpE PE=1 SV=1,108,21784,3,0.99
G6PI_ECO24,Glucose-6-phosphate isomerase OS=Escherichia coli O139:H28 (strain E24377A / ETEC) GN=pgi PE=3 SV=1,108,61547,3,0.28
RS2_ECO27,30S ribosomal protein S2 OS=Escherichia coli O127:H6 (strain E2348/69 / EPEC) GN=rpsB PE=3 SV=1,107,26784,3,0.75
KDUI_ECOBW,4-deoxy-L-threo-5-hexosulose-uronate ketol-isomerase OS=Escherichia coli (strain K12 / MC4100 / BW2952) GN=kduI PE=3 SV=1,107,31341,2,0.38
G6PD_ECO57,Glucose-6-phosphate 1-dehydrogenase OS=Escherichia coli O157:H7 GN=zwf PE=3 SV=1,107,56040,5,0.57
ACKA_ECOLI,Acetate kinase OS=Escherichia coli (strain K12) GN=ackA PE=1 SV=1,106,43605,2,0.26
AROG_ECOLI,"Phospho-2-dehydro-3-deoxyheptonate aldolase, Phe-sensitive OS=Escherichia coli (strain K12) GN=aroG PE=1 SV=1",104,38385,1,0.14
RLUD_ECOLI,Ribosomal large subunit pseudouridine synthase D OS=Escherichia coli (strain K12) GN=rluD PE=1 SV=4,104,37155,2,0.31
CH10_ECO24,10 kDa chaperonin OS=Escherichia coli O139:H28 (strain E24377A / ETEC) GN=groS PE=3 SV=1,104,10381,2,1.54
DBHA_ECOLI,DNA-binding protein HU-alpha OS=Escherichia coli (strain K12) GN=hupA PE=1 SV=1,104,9529,1,0.66
CSPE_ECOLI,Cold shock-like protein CspE OS=Escherichia coli (strain K12) GN=cspE PE=1 SV=2,103,7459,2,2.62
FABA_ECOBW,3-hydroxydecanoyl-[acyl-carrier-protein] dehydratase OS=Escherichia coli (strain K12 / MC4100 / BW2952) GN=fabA PE=3 SV=1,103,19071,3,1.18
NAGB_ECOBW,Glucosamine-6-phosphate deaminase OS=Escherichia coli (strain K12 / MC4100 / BW2952) GN=nagB PE=3 SV=1,103,29983,2,0.4
TPIS_ECODH,Triosephosphate isomerase OS=Escherichia coli (strain K12 / DH10B) GN=tpiA PE=1 SV=1,101,27126,2,0.45
YHJJ_ECOLI,Protein YhjJ OS=Escherichia coli (strain K12) GN=yhjJ PE=1 SV=1,101,55607,3,0.31
OMPR_ECOLI,Transcriptional regulatory protein OmpR OS=Escherichia coli (strain K12) GN=ompR PE=1 SV=1,101,27393,2,0.44
ASNB_ECOLI,Asparagine synthetase B [glutamine-hydrolyzing] OS=Escherichia coli (strain K12) GN=asnB PE=1 SV=3,101,63075,2,0.17
PYRG_ECOBW,CTP synthase OS=Escherichia coli (strain K12 / MC4100 / BW2952) GN=pyrG PE=3 SV=1,100,60792,3,0.28
FABG_ECOLI,3-oxoacyl-[acyl-carrier-protein] reductase FabG OS=Escherichia coli (strain K12) GN=fabG PE=1 SV=1,100,25544,3,0.8
UVRA_ECOLI,UvrABC system protein A OS=Escherichia coli (strain K12) GN=uvrA PE=1 SV=1,100,104601,2,0.1
OPGG_ECOBW,Glucans biosynthesis protein G OS=Escherichia coli (strain K12 / MC4100 / BW2952) GN=mdoG PE=3 SV=1,99,57876,3,0.3
MALE_ECOLI,Maltose-binding periplasmic protein OS=Escherichia coli (strain K12) GN=malE PE=1 SV=1,99,43360,4,0.59
AHR_ECOLI,Aldehyde reductase Ahr OS=Escherichia coli (strain K12) GN=ahr PE=1 SV=2,99,36935,3,0.5
GLPA_ECOLI,Anaerobic glycerol-3-phosphate dehydrogenase subunit A OS=Escherichia coli (strain K12) GN=glpA PE=1 SV=1,99,59720,3,0.29
NUSG_ECOLI,Transcription termination/antitermination protein NusG OS=Escherichia coli (strain K12) GN=nusG PE=1 SV=2,99,20518,3,1.07
FMT_ECOBW,Methionyl-tRNA formyltransferase OS=Escherichia coli (strain K12 / MC4100 / BW2952) GN=fmt PE=3 SV=1,97,34318,1,0.16
GATY_ECOBW,"D-tagatose-1,6-bisphosphate aldolase subunit GatY OS=Escherichia coli (strain K12 / MC4100 / BW2952) GN=gatY PE=3 SV=1",97,31021,5,1.25
HDEB_ECOLI,Acid stress chaperone HdeB OS=Escherichia coli (strain K12) GN=hdeB PE=1 SV=1,96,12149,2,1.25
YODD_ECOLI,Uncharacterized protein YodD OS=Escherichia coli (strain K12) GN=yodD PE=4 SV=1,95,8574,1,0.76
GLF_ECOLI,UDP-galactopyranose mutase OS=Escherichia coli (strain K12) GN=glf PE=1 SV=1,94,43053,2,0.26
GLMS_ECOLI,Glutamine--fructose-6-phosphate aminotransferase [isomerizing] OS=Escherichia coli (strain K12) GN=glmS PE=1 SV=4,93,67081,3,0.25
SYN_ECOHS,Asparagine--tRNA ligase OS=Escherichia coli O9:H4 (strain HS) GN=asnS PE=3 SV=1,93,52766,4,0.47
ATPB_ECOBW,ATP synthase subunit beta OS=Escherichia coli (strain K12 / MC4100 / BW2952) GN=atpD PE=3 SV=1,93,50351,3,0.35
DAPA_ECOHS,4-hydroxy-tetrahydrodipicolinate synthase OS=Escherichia coli O9:H4 (strain HS) GN=dapA PE=3 SV=1,92,31549,3,0.61
YJBJ_ECOLI,UPF0337 protein YjbJ OS=Escherichia coli (strain K12) GN=yjbJ PE=1 SV=1,92,8320,1,0.78
FUMC_ECOLI,Fumarate hydratase class II OS=Escherichia coli (strain K12) GN=fumC PE=1 SV=1,92,50856,3,0.35
GLRX3_ECO57,Glutaredoxin 3 OS=Escherichia coli O157:H7 GN=grxC PE=3 SV=2,92,9303,3,3.76
UDP_ECOLI,Uridine phosphorylase OS=Escherichia coli (strain K12) GN=udp PE=1 SV=3,90,27313,3,0.73
RS18_ECO24,30S ribosomal protein S18 OS=Escherichia coli O139:H28 (strain E24377A / ETEC) GN=rpsR PE=3 SV=1,90,9038,1,0.71
AG43_ECOLI,Antigen 43 OS=Escherichia coli (strain K12) GN=flu PE=1 SV=3,89,106818,2,0.1
SERA_ECOLI,D-3-phosphoglycerate dehydrogenase OS=Escherichia coli (strain K12) GN=serA PE=1 SV=2,89,44376,3,0.41
YEAG_ECOLI,Uncharacterized protein YeaG OS=Escherichia coli (strain K12) GN=yeaG PE=3 SV=1,89,74776,5,0.4
RL6_ECO24,50S ribosomal protein L6 OS=Escherichia coli O139:H28 (strain E24377A / ETEC) GN=rplF PE=3 SV=1,89,18949,3,1.19
PANC_ECOBW,Pantothenate synthetase OS=Escherichia coli (strain K12 / MC4100 / BW2952) GN=panC PE=3 SV=1,89,31692,3,0.61
YDJA_ECOLI,Putative NAD(P)H nitroreductase YdjA OS=Escherichia coli (strain K12) GN=ydjA PE=1 SV=1,88,20217,1,0.28
NUSA_ECOLI,Transcription termination/antitermination protein NusA OS=Escherichia coli (strain K12) GN=nusA PE=1 SV=1,88,55008,2,0.2
ARTI_ECOLI,Putative ABC transporter arginine-binding protein 2 OS=Escherichia coli (strain K12) GN=artI PE=1 SV=3,87,27027,2,0.45
APHA_ECOLI,Class B acid phosphatase OS=Escherichia coli (strain K12) GN=aphA PE=1 SV=1,87,26144,1,0.21
YEBC_ECOLI,Probable transcriptional regulatory protein YebC OS=Escherichia coli (strain K12) GN=yebC PE=1 SV=1,87,26577,1,0.21
FLIY_ECOLI,L-cystine-binding protein FliY OS=Escherichia coli (strain K12) GN=fliY PE=1 SV=1,87,29021,2,0.41
RL25_ECO24,50S ribosomal protein L25 OS=Escherichia coli O139:H28 (strain E24377A / ETEC) GN=rplY PE=3 SV=1,86,10687,4,5.24
LSRF_ECODH,"3-hydroxy-5-phosphonooxypentane-2,4-dione thiolase OS=Escherichia coli (strain K12 / DH10B) GN=lsrF PE=3 SV=1",85,32157,2,0.37
PUR8_ECOL6,Adenylosuccinate lyase OS=Escherichia coli O6:H1 (strain CFT073 / ATCC 700928 / UPEC) GN=purB PE=3 SV=1,85,51625,4,0.48
GLN1B_ECO57,Glutamine synthetase OS=Escherichia coli O157:H7 GN=glnA PE=3 SV=2,85,52099,3,0.34
CSPC_ECOLI,Cold shock-like protein CspC OS=Escherichia coli (strain K12) GN=cspC PE=1 SV=2,85,7398,2,2.62
RL17_ECO24,50S ribosomal protein L17 OS=Escherichia coli O139:H28 (strain E24377A / ETEC) GN=rplQ PE=3 SV=1,85,14413,2,0.98
GPR_ECOLI,L-glyceraldehyde 3-phosphate reductase OS=Escherichia coli (strain K12) GN=gpr PE=1 SV=1,84,38922,2,0.3
PPA_ECOLI,Periplasmic AppA protein OS=Escherichia coli (strain K12) GN=appA PE=1 SV=2,84,47484,3,0.38
YCFP_ECOBW,UPF0227 protein YcfP OS=Escherichia coli (strain K12 / MC4100 / BW2952) GN=ycfP PE=3 SV=1,84,21441,2,0.59
PURT_ECOBW,Formate-dependent phosphoribosylglycinamide formyltransferase OS=Escherichia coli (strain K12 / MC4100 / BW2952) GN=purT PE=3 SV=1,84,42692,3,0.42
GLPD_ECOLI,Aerobic glycerol-3-phosphate dehydrogenase OS=Escherichia coli (strain K12) GN=glpD PE=1 SV=3,84,56886,2,0.19
ODP2_ECOLI,Dihydrolipoyllysine-residue acetyltransferase component of pyruvate dehydrogenase complex OS=Escherichia coli (strain K12) GN=aceF PE=1 SV=3,83,66112,2,0.17
HSLO_ECOBW,33 kDa chaperonin OS=Escherichia coli (strain K12 / MC4100 / BW2952) GN=hslO PE=3 SV=1,83,32856,2,0.36
USHA_ECOLI,Protein UshA OS=Escherichia coli (strain K12) GN=ushA PE=1 SV=2,83,60900,2,0.18
YBIS_ECOLI,"Probable L,D-transpeptidase YbiS OS=Escherichia coli (strain K12) GN=ybiS PE=1 SV=1",82,33418,1,0.16
YGAU_ECOLI,Uncharacterized protein YgaU OS=Escherichia coli (strain K12) GN=ygaU PE=1 SV=2,82,16053,4,2.42
RS4_ECO24,30S ribosomal protein S4 OS=Escherichia coli O139:H28 (strain E24377A / ETEC) GN=rpsD PE=3 SV=1,82,23512,4,1.34
LEPA_ECOBW,Elongation factor 4 OS=Escherichia coli (strain K12 / MC4100 / BW2952) GN=lepA PE=3 SV=1,82,67099,2,0.16
IHFA_ECOBW,Integration host factor subunit alpha OS=Escherichia coli (strain K12 / MC4100 / BW2952) GN=ihfA PE=3 SV=1,82,11347,1,0.54
GLPQ_ECOLI,"Glycerophosphodiester phosphodiesterase, periplasmic OS=Escherichia coli (strain K12) GN=glpQ PE=1 SV=2",82,40874,1,0.13
GLPB_ECOLU,Anaerobic glycerol-3-phosphate dehydrogenase subunit B OS=Escherichia coli O17:K52:H18 (strain UMN026 / ExPEC) GN=glpB PE=3 SV=1,81,45933,3,0.39
CYSI_ECOBD,Sulfite reductase [NADPH] hemoprotein beta-component OS=Escherichia coli (strain B / BL21-DE3) GN=cysI PE=3 SV=1,81,64276,3,0.27
MURA_ECOBW,UDP-N-acetylglucosamine 1-carboxyvinyltransferase OS=Escherichia coli (strain K12 / MC4100 / BW2952) GN=murA PE=3 SV=1,81,45133,1,0.12
ZAPD_ECOBW,Cell division protein ZapD OS=Escherichia coli (strain K12 / MC4100 / BW2952) GN=zapD PE=3 SV=1,80,28502,2,0.42
RL19_ECO24,50S ribosomal protein L19 OS=Escherichia coli O139:H28 (strain E24377A / ETEC) GN=rplS PE=3 SV=1,80,13125,1,0.46
LSRB_ECODH,Autoinducer 2-binding protein LsrB OS=Escherichia coli (strain K12 / DH10B) GN=lsrB PE=3 SV=1,79,36776,2,0.32
FTNA_ECOLI,Bacterial non-heme ferritin OS=Escherichia coli (strain K12) GN=ftnA PE=1 SV=1,78,19468,1,0.29
OTSA_ECODH,Trehalose-6-phosphate synthase OS=Escherichia coli (strain K12 / DH10B) GN=otsA PE=3 SV=1,77,53749,2,0.21
RS8_ECO24,30S ribosomal protein S8 OS=Escherichia coli O139:H28 (strain E24377A / ETEC) GN=rpsH PE=3 SV=1,76,14175,3,1.83
DEOD_ECOBW,Purine nucleoside phosphorylase DeoD-type OS=Escherichia coli (strain K12 / MC4100 / BW2952) GN=deoD PE=3 SV=1,76,26161,3,0.77
HSCA_ECOBW,Chaperone protein HscA OS=Escherichia coli (strain K12 / MC4100 / BW2952) GN=hscA PE=3 SV=1,75,65726,1,0.08
NAGA_ECOLI,N-acetylglucosamine-6-phosphate deacetylase OS=Escherichia coli (strain K12) GN=nagA PE=1 SV=1,75,41379,1,0.13
TUSB_ECOBW,Protein TusB OS=Escherichia coli (strain K12 / MC4100 / BW2952) GN=tusB PE=3 SV=1,74,10712,1,0.57
RIBD_ECOLI,Riboflavin biosynthesis protein RibD OS=Escherichia coli (strain K12) GN=ribD PE=1 SV=1,73,40655,1,0.13
RS5_ECO24,30S ribosomal protein S5 OS=Escherichia coli O139:H28 (strain E24377A / ETEC) GN=rpsE PE=3 SV=1,73,17592,1,0.33
GLK_ECOBW,Glucokinase OS=Escherichia coli (strain K12 / MC4100 / BW2952) GN=glk PE=3 SV=1,72,35043,1,0.15
ETTA_ECOLI,Energy-dependent translational throttle protein EttA OS=Escherichia coli (strain K12) GN=ettA PE=1 SV=2,72,62518,3,0.27
RF3_ECO24,Peptide chain release factor 3 OS=Escherichia coli O139:H28 (strain E24377A / ETEC) GN=prfC PE=3 SV=1,72,59894,1,0.09
CYSP_ECOLI,Thiosulfate-binding protein OS=Escherichia coli (strain K12) GN=cysP PE=1 SV=1,72,37591,2,0.31
RL11_ECO24,50S ribosomal protein L11 OS=Escherichia coli O139:H28 (strain E24377A / ETEC) GN=rplK PE=3 SV=1,72,14923,2,0.94
PHSM_ECOLI,Maltodextrin phosphorylase OS=Escherichia coli (strain K12) GN=malP PE=1 SV=7,71,90865,2,0.12
MENB_ECOLI,"1,4-dihydroxy-2-naphthoyl-CoA synthase OS=Escherichia coli (strain K12) GN=menB PE=1 SV=1",71,32069,2,0.37
SECA_ECOBW,Protein translocase subunit SecA OS=Escherichia coli (strain K12 / MC4100 / BW2952) GN=secA PE=3 SV=1,71,102187,1,0.05
YEAE_ECOLI,Uncharacterized protein YeaE OS=Escherichia coli (strain K12) GN=yeaE PE=4 SV=1,70,31138,1,0.17
PHNB_ECOLI,Protein PhnB OS=Escherichia coli (strain K12) GN=phnB PE=4 SV=1,70,16275,1,0.35
FER_ECOLI,2Fe-2S ferredoxin OS=Escherichia coli (strain K12) GN=fdx PE=1 SV=2,70,12722,1,0.47
YQHD_ECOLI,Alcohol dehydrogenase YqhD OS=Escherichia coli (strain K12) GN=yqhD PE=1 SV=1,70,42128,1,0.13
YGFZ_ECOBW,tRNA-modifying protein YgfZ OS=Escherichia coli (strain K12 / MC4100 / BW2952) GN=ygfZ PE=3 SV=1,69,36185,2,0.32
YGFZ_ECO5E,tRNA-modifying protein YgfZ OS=Escherichia coli O157:H7 (strain EC4115 / EHEC) GN=ygfZ PE=3 SV=1,69,36206,2,0.32
DBHB_ECOLI,DNA-binding protein HU-beta OS=Escherichia coli (strain K12) GN=hupB PE=1 SV=1,68,9220,1,0.69
YCCU_ECOLI,Uncharacterized protein YccU OS=Escherichia coli (strain K12) GN=yccU PE=1 SV=2,68,14749,2,0.95
DEF_ECOBW,Peptide deformylase OS=Escherichia coli (strain K12 / MC4100 / BW2952) GN=def PE=3 SV=1,68,19430,2,0.67
YCIO_ECOLI,Uncharacterized protein YciO OS=Escherichia coli (strain K12) GN=yciO PE=1 SV=1,68,23368,2,0.53
GSIB_ECOLI,Glutathione-binding protein GsiB OS=Escherichia coli (strain K12) GN=gsiB PE=1 SV=1,68,56492,2,0.2
XYLF_ECOLI,D-xylose-binding periplasmic protein OS=Escherichia coli (strain K12) GN=xylF PE=1 SV=1,68,35769,1,0.15
RS13_ECO57,30S ribosomal protein S13 OS=Escherichia coli O157:H7 GN=rpsM PE=3 SV=2,68,13148,2,1.12
GPMI_ECOHS,"2,3-bisphosphoglycerate-independent phosphoglycerate mutase OS=Escherichia coli O9:H4 (strain HS) GN=gpmI PE=3 SV=1",67,56188,1,0.09
YGGN_ECOLI,Uncharacterized protein YggN OS=Escherichia coli (strain K12) GN=yggN PE=4 SV=1,67,26527,1,0.21
TOP1_ECOLI,DNA topoisomerase 1 OS=Escherichia coli (strain K12) GN=topA PE=1 SV=2,66,98087,3,0.17
RIDA_ECOLI,2-iminobutanoate/2-iminopropanoate deaminase OS=Escherichia coli (strain K12) GN=ridA PE=1 SV=2,66,13660,2,1.06
DEGQ_ECOLI,Periplasmic pH-dependent serine endoprotease DegQ OS=Escherichia coli (strain K12) GN=degQ PE=1 SV=1,65,47176,3,0.38
PUR7_ECO24,Phosphoribosylaminoimidazole-succinocarboxamide synthase OS=Escherichia coli O139:H28 (strain E24377A / ETEC) GN=purC PE=3 SV=1,65,27149,2,0.45
TPX_ECOLI,Thiol peroxidase OS=Escherichia coli (strain K12) GN=tpx PE=1 SV=2,65,17995,1,0.32
RPOA_ECOHS,DNA-directed RNA polymerase subunit alpha OS=Escherichia coli O9:H4 (strain HS) GN=rpoA PE=3 SV=1,65,36717,3,0.51
USPD_ECOLI,Universal stress protein D OS=Escherichia coli (strain K12) GN=uspD PE=2 SV=1,64,16397,1,0.35
PEPT_ECOBW,Peptidase T OS=Escherichia coli (strain K12 / MC4100 / BW2952) GN=pepT PE=3 SV=1,63,45123,1,0.12
ARCA_ECOLI,Aerobic respiration control protein ArcA OS=Escherichia coli (strain K12) GN=arcA PE=1 SV=1,63,27389,2,0.44
PROB_ECOBW,Glutamate 5-kinase OS=Escherichia coli (strain K12 / MC4100 / BW2952) GN=proB PE=3 SV=1,63,39204,1,0.14
YDCS_ECOLI,Putative ABC transporter periplasmic-binding protein YdcS OS=Escherichia coli (strain K12) GN=ydcS PE=3 SV=1,63,42553,1,0.13
NUSB_ECOBW,N utilization substance protein B homolog OS=Escherichia coli (strain K12 / MC4100 / BW2952) GN=nusB PE=3 SV=1,63,15736,2,0.87
GLO22_ECOLI,Hydroxyacylglutathione hydrolase GloC OS=Escherichia coli (strain K12) GN=gloC PE=1 SV=1,62,23997,2,0.52
KDSD_ECOLI,Arabinose 5-phosphate isomerase KdsD OS=Escherichia coli (strain K12) GN=kdsD PE=1 SV=1,62,35572,1,0.15
THIB_ECOLI,Thiamine-binding periplasmic protein OS=Escherichia coli (strain K12) GN=thiB PE=1 SV=2,62,36369,1,0.15
MOEA_ECOLI,Molybdopterin molybdenumtransferase OS=Escherichia coli (strain K12) GN=moeA PE=1 SV=1,62,44382,1,0.12
PTKA_ECOLI,PTS system galactitol-specific EIIA component OS=Escherichia coli (strain K12) GN=gatA PE=1 SV=1,62,17011,1,0.34
RL20_ECO24,50S ribosomal protein L20 OS=Escherichia coli O139:H28 (strain E24377A / ETEC) GN=rplT PE=3 SV=1,62,13489,2,1.07
RNB_ECOBW,Exoribonuclease 2 OS=Escherichia coli (strain K12 / MC4100 / BW2952) GN=rnb PE=3 SV=1,62,72844,2,0.15
YDFG_ECOLI,NADP-dependent 3-hydroxy acid dehydrogenase YdfG OS=Escherichia coli (strain K12) GN=ydfG PE=1 SV=2,61,27346,2,0.44
GALF_ECOLI,UTP--glucose-1-phosphate uridylyltransferase OS=Escherichia coli (strain K12) GN=galF PE=1 SV=1,61,32979,1,0.16
PRET_ECOLI,NAD-dependent dihydropyrimidine dehydrogenase subunit PreT OS=Escherichia coli (strain K12) GN=preT PE=1 SV=1,61,45043,1,0.12
P5CR_ECOLI,Pyrroline-5-carboxylate reductase OS=Escherichia coli (strain K12) GN=proC PE=1 SV=1,60,28355,1,0.19
DEOB_ECOBW,Phosphopentomutase OS=Escherichia coli (strain K12 / MC4100 / BW2952) GN=deoB PE=3 SV=1,60,44684,3,0.4
PUR2_ECO57,Phosphoribosylamine--glycine ligase OS=Escherichia coli O157:H7 GN=purD PE=3 SV=1,59,46348,1,0.11
AMPA_ECOBW,Probable cytosol aminopeptidase OS=Escherichia coli (strain K12 / MC4100 / BW2952) GN=pepA PE=3 SV=1,59,55358,1,0.1
METH_ECOLI,Methionine synthase OS=Escherichia coli (strain K12) GN=metH PE=1 SV=5,59,136653,1,0.04
MSRC_ECOLI,Free methionine-R-sulfoxide reductase OS=Escherichia coli (strain K12) GN=msrC PE=1 SV=2,59,18281,1,0.31
RRAA_ECOBW,Regulator of ribonuclease activity A OS=Escherichia coli (strain K12 / MC4100 / BW2952) GN=rraA PE=3 SV=1,58,17464,1,0.33
ODO2_ECO57,Dihydrolipoyllysine-residue succinyltransferase component of 2-oxoglutarate dehydrogenase complex OS=Escherichia coli O157:H7 GN=sucB PE=1 SV=2,58,43984,2,0.26
FADH_ECOLI,"2,4-dienoyl-CoA reductase OS=Escherichia coli (strain K12) GN=fadH PE=1 SV=3",58,73203,1,0.07
RL30_ECO24,50S ribosomal protein L30 OS=Escherichia coli O139:H28 (strain E24377A / ETEC) GN=rpmD PE=3 SV=1,58,6538,1,1.06
MUG_ECOBW,G/U mismatch-specific DNA glycosylase OS=Escherichia coli (strain K12 / MC4100 / BW2952) GN=mug PE=3 SV=1,58,18776,1,0.3
UPP_ECOBW,Uracil phosphoribosyltransferase OS=Escherichia coli (strain K12 / MC4100 / BW2952) GN=upp PE=3 SV=1,57,22576,2,0.56
DHE4_ECOLI,NADP-specific glutamate dehydrogenase OS=Escherichia coli (strain K12) GN=gdhA PE=1 SV=1,57,48778,2,0.23
RL5_ECO24,50S ribosomal protein L5 OS=Escherichia coli O139:H28 (strain E24377A / ETEC) GN=rplE PE=3 SV=1,57,20346,2,0.63
CARB_ECOLI,Carbamoyl-phosphate synthase large chain OS=Escherichia coli (strain K12) GN=carB PE=1 SV=2,57,118566,1,0.04
NEMA_ECOLI,N-ethylmaleimide reductase OS=Escherichia coli (strain K12) GN=nemA PE=2 SV=1,56,39492,1,0.14
GREA_ECOLI,Transcription elongation factor GreA OS=Escherichia coli (strain K12) GN=greA PE=1 SV=1,56,17687,1,0.32
SPEA_ECOLI,Biosynthetic arginine decarboxylase OS=Escherichia coli (strain K12) GN=speA PE=1 SV=2,56,74308,1,0.07
DKSA_ECOLI,RNA polymerase-binding transcription factor DksA OS=Escherichia coli (strain K12) GN=dksA PE=1 SV=1,56,17745,1,0.32
YJGR_ECOLI,Uncharacterized protein YjgR OS=Escherichia coli (strain K12) GN=yjgR PE=4 SV=1,56,54355,1,0.1
LDHD_ECOLI,D-lactate dehydrogenase OS=Escherichia coli (strain K12) GN=ldhA PE=1 SV=1,55,36854,1,0.15
RL4_ECO24,50S ribosomal protein L4 OS=Escherichia coli O139:H28 (strain E24377A / ETEC) GN=rplD PE=3 SV=1,55,22073,1,0.25
SYFA_ECOBW,Phenylalanine--tRNA ligase alpha subunit OS=Escherichia coli (strain K12 / MC4100 / BW2952) GN=pheS PE=3 SV=1,54,36866,1,0.15
ACCA_ECOBW,Acetyl-coenzyme A carboxylase carboxyl transferase subunit alpha OS=Escherichia coli (strain K12 / MC4100 / BW2952) GN=accA PE=3 SV=1,54,35333,2,0.33
TDCF_ECOLI,Putative reactive intermediate deaminase TdcF OS=Escherichia coli (strain K12) GN=tdcF PE=1 SV=1,54,14112,1,0.42
PYRB_ECOBW,Aspartate carbamoyltransferase OS=Escherichia coli (strain K12 / MC4100 / BW2952) GN=pyrB PE=3 SV=1,54,34463,2,0.34
YFIF_ECOLI,Uncharacterized tRNA/rRNA methyltransferase YfiF OS=Escherichia coli (strain K12) GN=yfiF PE=3 SV=1,54,37989,1,0.14
GYRB_ECOLI,DNA gyrase subunit B OS=Escherichia coli (strain K12) GN=gyrB PE=1 SV=2,54,90179,1,0.06
MFD_ECOLI,Transcription-repair-coupling factor OS=Escherichia coli (strain K12) GN=mfd PE=1 SV=2,53,130300,1,0.04
MIND_ECOLI,Septum site-determining protein MinD OS=Escherichia coli (strain K12) GN=minD PE=1 SV=2,53,29710,1,0.18
RPOD_ECOLI,RNA polymerase sigma factor RpoD OS=Escherichia coli (strain K12) GN=rpoD PE=1 SV=2,53,70390,1,0.07
ATPG_ECOBW,ATP synthase gamma chain OS=Escherichia coli (strain K12 / MC4100 / BW2952) GN=atpG PE=3 SV=1,53,31671,2,0.37
EVGA_ECOLI,DNA-binding transcriptional activator EvgA OS=Escherichia coli (strain K12) GN=evgA PE=1 SV=1,53,22847,1,0.24
YDHF_ECOLI,Oxidoreductase YdhF OS=Escherichia coli (strain K12) GN=ydhF PE=1 SV=2,52,33825,1,0.16
KDSA_ECOBW,2-dehydro-3-deoxyphosphooctonate aldolase OS=Escherichia coli (strain K12 / MC4100 / BW2952) GN=kdsA PE=3 SV=1,52,31041,3,0.62
AGP_ECOLI,Glucose-1-phosphatase OS=Escherichia coli (strain K12) GN=agp PE=1 SV=1,52,45996,1,0.12
RLMM_ECOBD,Ribosomal RNA large subunit methyltransferase M OS=Escherichia coli (strain B / BL21-DE3) GN=rlmM PE=3 SV=1,51,42391,1,0.13
TREA_ECOBW,Periplasmic trehalase OS=Escherichia coli (strain K12 / MC4100 / BW2952) GN=treA PE=3 SV=1,51,63825,1,0.08
MAO2_ECOLI,NADP-dependent malic enzyme OS=Escherichia coli (strain K12) GN=maeB PE=1 SV=1,51,82878,3,0.2
GMHA_ECOBW,Phosphoheptose isomerase OS=Escherichia coli (strain K12 / MC4100 / BW2952) GN=gmhA PE=3 SV=1,51,20973,1,0.27
RNE_ECOLI,Ribonuclease E OS=Escherichia coli (strain K12) GN=rne PE=1 SV=6,51,118353,2,0.09
SDHA_ECOLI,Succinate dehydrogenase flavoprotein subunit OS=Escherichia coli (strain K12) GN=sdhA PE=1 SV=1,51,65008,1,0.08
YGIC_ECOLI,Putative acid--amine ligase YgiC OS=Escherichia coli (strain K12) GN=ygiC PE=1 SV=1,51,45282,2,0.25
YNJE_ECOLI,Thiosulfate sulfurtransferase YnjE OS=Escherichia coli (strain K12) GN=ynjE PE=1 SV=2,50,48312,1,0.11
PYRH_ECOHS,Uridylate kinase OS=Escherichia coli O9:H4 (strain HS) GN=pyrH PE=3 SV=1,50,26068,1,0.21
KDGK_ECOLI,2-dehydro-3-deoxygluconokinase OS=Escherichia coli (strain K12) GN=kdgK PE=1 SV=1,50,34226,1,0.16
PROQ_ECOBW,RNA chaperone ProQ OS=Escherichia coli (strain K12 / MC4100 / BW2952) GN=proQ PE=3 SV=1,50,25991,1,0.21
ACCD_ECODH,Acetyl-coenzyme A carboxylase carboxyl transferase subunit beta OS=Escherichia coli (strain K12 / DH10B) GN=accD PE=3 SV=1,50,33642,2,0.35
TOLB_ECOBW,Protein TolB OS=Escherichia coli (strain K12 / MC4100 / BW2952) GN=tolB PE=3 SV=1,49,45927,1,0.12
ILVD_ECOBW,Dihydroxy-acid dehydratase OS=Escherichia coli (strain K12 / MC4100 / BW2952) GN=ilvD PE=3 SV=1,49,66174,1,0.08
PPX_ECOLI,Exopolyphosphatase OS=Escherichia coli (strain K12) GN=ppx PE=1 SV=2,48,58327,1,0.09
RS16_ECO24,30S ribosomal protein S16 OS=Escherichia coli O139:H28 (strain E24377A / ETEC) GN=rpsP PE=3 SV=1,48,9185,1,0.69
ISCS_ECOBW,Cysteine desulfurase IscS OS=Escherichia coli (strain K12 / MC4100 / BW2952) GN=iscS PE=3 SV=1,46,45232,2,0.25
GLTB_ECOLI,Glutamate synthase [NADPH] large chain OS=Escherichia coli (strain K12) GN=gltB PE=1 SV=3,46,164335,1,0.03
AK2H_ECOLI,Bifunctional aspartokinase/homoserine dehydrogenase 2 OS=Escherichia coli (strain K12) GN=metL PE=1 SV=3,46,89346,1,0.06
ABDH_ECOBW,Gamma-aminobutyraldehyde dehydrogenase OS=Escherichia coli (strain K12 / MC4100 / BW2952) GN=prr PE=3 SV=1,46,51197,1,0.1
YIHI_ECOBW,Der GTPase-activating protein YihI OS=Escherichia coli (strain K12 / MC4100 / BW2952) GN=yihI PE=3 SV=1,46,19048,2,0.68
LTAE_ECOLI,Low specificity L-threonine aldolase OS=Escherichia coli (strain K12) GN=ltaE PE=1 SV=1,46,36700,1,0.15
STHA_ECOBW,Soluble pyridine nucleotide transhydrogenase OS=Escherichia coli (strain K12 / MC4100 / BW2952) GN=sthA PE=3 SV=1,46,51984,1,0.1
SEQA_ECOLI,Negative modulator of initiation of replication OS=Escherichia coli (strain K12) GN=seqA PE=1 SV=1,45,20417,1,0.28
PSPA_ECOLI,Phage shock protein A OS=Escherichia coli (strain K12) GN=pspA PE=1 SV=2,45,25477,1,0.22
LOLA_ECOBW,Outer-membrane lipoprotein carrier protein OS=Escherichia coli (strain K12 / MC4100 / BW2952) GN=lolA PE=3 SV=1,45,22540,1,0.25
RHLB_ECOBW,ATP-dependent RNA helicase RhlB OS=Escherichia coli (strain K12 / MC4100 / BW2952) GN=rhlB PE=3 SV=1,44,47325,1,0.11
NFUA_ECOBW,Fe/S biogenesis protein NfuA OS=Escherichia coli (strain K12 / MC4100 / BW2952) GN=nfuA PE=3 SV=1,44,21212,1,0.27
SUFD_ECOLI,FeS cluster assembly protein SufD OS=Escherichia coli (strain K12) GN=sufD PE=1 SV=1,44,46965,1,0.11
RL2_ECO24,50S ribosomal protein L2 OS=Escherichia coli O139:H28 (strain E24377A / ETEC) GN=rplB PE=3 SV=1,44,29956,2,0.4
RPIA_ECOBW,Ribose-5-phosphate isomerase A OS=Escherichia coli (strain K12 / MC4100 / BW2952) GN=rpiA PE=3 SV=1,44,22903,1,0.24
SYY_ECOBW,Tyrosine--tRNA ligase OS=Escherichia coli (strain K12 / MC4100 / BW2952) GN=tyrS PE=3 SV=1,43,47896,1,0.11
DEOC_ECOBW,Deoxyribose-phosphate aldolase OS=Escherichia coli (strain K12 / MC4100 / BW2952) GN=deoC PE=3 SV=1,43,27944,2,0.43
RS12_ECO24,30S ribosomal protein S12 OS=Escherichia coli O139:H28 (strain E24377A / ETEC) GN=rpsL PE=3 SV=1,42,13957,1,0.42
ELBB_ECOLI,Glyoxalase ElbB OS=Escherichia coli (strain K12) GN=elbB PE=1 SV=1,42,23252,1,0.24
6PGL_ECO24,6-phosphogluconolactonase OS=Escherichia coli O139:H28 (strain E24377A / ETEC) GN=pgl PE=3 SV=1,42,36570,2,0.32
CYSK_ECOLI,Cysteine synthase A OS=Escherichia coli (strain K12) GN=cysK PE=1 SV=2,42,34525,1,0.16
GCST_ECOBW,Aminomethyltransferase OS=Escherichia coli (strain K12 / MC4100 / BW2952) GN=gcvT PE=3 SV=1,42,40235,1,0.13
YDGH_ECOLI,Protein YdgH OS=Escherichia coli (strain K12) GN=ydgH PE=1 SV=1,42,33882,1,0.16
CORC_ECOLI,Magnesium and cobalt efflux protein CorC OS=Escherichia coli (strain K12) GN=corC PE=1 SV=1,41,33335,1,0.16
SAPA_ECOLI,Probable ABC transporter periplasmic-binding protein SapA OS=Escherichia coli (strain K12) GN=sapA PE=3 SV=1,41,61755,1,0.09
NUOG_ECOLI,NADH-quinone oxidoreductase subunit G OS=Escherichia coli (strain K12) GN=nuoG PE=1 SV=4,41,101148,1,0.05
IADA_ECOLI,Isoaspartyl dipeptidase OS=Escherichia coli (strain K12) GN=iadA PE=1 SV=1,41,41400,1,0.13
KGUA_ECOLI,Guanylate kinase OS=Escherichia coli (strain K12) GN=gmk PE=1 SV=1,41,23578,1,0.24
HIPA_ECOLI,Serine/threonine-protein kinase toxin HipA OS=Escherichia coli (strain K12) GN=hipA PE=1 SV=2,41,49416,1,0.11
LPXD_ECOLI,UDP-3-O-(3-hydroxymyristoyl)glucosamine N-acyltransferase OS=Escherichia coli (strain K12) GN=lpxD PE=1 SV=2,41,36415,1,0.15
IPYR_ECOLI,Inorganic pyrophosphatase OS=Escherichia coli (strain K12) GN=ppa PE=1 SV=2,41,19805,1,0.29
ECOT_ECOBW,Ecotin OS=Escherichia coli (strain K12 / MC4100 / BW2952) GN=eco PE=3 SV=1,41,18294,1,0.31
RLMB_ECOLI,23S rRNA (guanosine-2~-O-)-methyltransferase RlmB OS=Escherichia coli (strain K12) GN=rlmB PE=1 SV=1,41,26768,1,0.21
EFP_ECOBW,Elongation factor P OS=Escherichia coli (strain K12 / MC4100 / BW2952) GN=efp PE=3 SV=1,40,20635,1,0.27
YGHU_ECOLI,Disulfide-bond oxidoreductase YghU OS=Escherichia coli (strain K12) GN=yghU PE=1 SV=2,40,32371,1,0.17
MPGP_ECOBW,Mannosyl-3-phosphoglycerate phosphatase OS=Escherichia coli (strain K12 / MC4100 / BW2952) GN=BWG_1759 PE=3 SV=1,40,30477,1,0.18
TRMB_ECOHS,tRNA (guanine-N(7)-)-methyltransferase OS=Escherichia coli O9:H4 (strain HS) GN=trmB PE=3 SV=1,40,27404,1,0.2
GAL1_ECO24,Galactokinase OS=Escherichia coli O139:H28 (strain E24377A / ETEC) GN=galK PE=3 SV=1,40,41929,1,0.13
ASTC_ECOBW,Succinylornithine transaminase OS=Escherichia coli (strain K12 / MC4100 / BW2952) GN=astC PE=3 SV=1,40,43980,1,0.12
TESA_ECOLI,Thioesterase 1/protease 1/lysophospholipase L1 OS=Escherichia coli (strain K12) GN=tesA PE=1 SV=1,40,23607,1,0.24
PSPE_ECOLI,Thiosulfate sulfurtransferase PspE OS=Escherichia coli (strain K12) GN=pspE PE=1 SV=1,40,11525,1,0.53
MBHL_ECOLI,Hydrogenase-1 large chain OS=Escherichia coli (strain K12) GN=hyaB PE=1 SV=1,40,66895,1,0.08
YCAC_ECOLI,Probable hydrolase YcaC OS=Escherichia coli (strain K12) GN=ycaC PE=1 SV=1,40,23200,1,0.24
YEEZ_ECOLI,Protein YeeZ OS=Escherichia coli (strain K12) GN=yeeZ PE=1 SV=1,39,29832,1,0.18
CBPA_ECOBW,Curved DNA-binding protein OS=Escherichia coli (strain K12 / MC4100 / BW2952) GN=cbpA PE=3 SV=1,39,34434,1,0.16
YDFZ_ECOLI,Putative selenoprotein YdfZ OS=Escherichia coli (strain K12) GN=ydfZ PE=1 SV=1,39,7329,1,0.92
MOAB_ECOLI,Molybdenum cofactor biosynthesis protein B OS=Escherichia coli (strain K12) GN=moaB PE=1 SV=2,39,18768,1,0.3
RS17_ECO24,30S ribosomal protein S17 OS=Escherichia coli O139:H28 (strain E24377A / ETEC) GN=rpsQ PE=3 SV=1,39,9812,1,0.64
PHOP_ECOLI,Transcriptional regulatory protein PhoP OS=Escherichia coli (strain K12) GN=phoP PE=1 SV=1,39,25519,1,0.22
ARAA_ECOBW,L-arabinose isomerase OS=Escherichia coli (strain K12 / MC4100 / BW2952) GN=araA PE=3 SV=1,39,56466,1,0.09
MBHM_ECOLI,Hydrogenase-2 large chain OS=Escherichia coli (strain K12) GN=hybC PE=1 SV=2,38,62908,1,0.08
BGLX_ECOLI,Periplasmic beta-glucosidase OS=Escherichia coli (strain K12) GN=bglX PE=3 SV=2,38,83464,1,0.06
RL15_ECO24,50S ribosomal protein L15 OS=Escherichia coli O139:H28 (strain E24377A / ETEC) GN=rplO PE=3 SV=1,38,14957,1,0.39
METK_ECOBW,S-adenosylmethionine synthase OS=Escherichia coli (strain K12 / MC4100 / BW2952) GN=metK PE=3 SV=1,38,42153,1,0.13
MOAC_ECOBW,Cyclic pyranopterin monophosphate synthase OS=Escherichia coli (strain K12 / MC4100 / BW2952) GN=moaC PE=3 SV=1,38,17627,1,0.32
YAFJ_ECOLI,Putative glutamine amidotransferase YafJ OS=Escherichia coli (strain K12) GN=yafJ PE=1 SV=1,38,29016,1,0.19
GUTQ_ECOLI,Arabinose 5-phosphate isomerase GutQ OS=Escherichia coli (strain K12) GN=gutQ PE=1 SV=3,37,34181,1,0.16
DCUP_ECOBW,Uroporphyrinogen decarboxylase OS=Escherichia coli (strain K12 / MC4100 / BW2952) GN=hemE PE=3 SV=1,37,39451,1,0.14
DDLA_ECOLI,D-alanine--D-alanine ligase A OS=Escherichia coli (strain K12) GN=ddlA PE=3 SV=1,37,39519,1,0.14
PURK_ECOLI,N5-carboxyaminoimidazole ribonucleotide synthase OS=Escherichia coli (strain K12) GN=purK PE=1 SV=2,37,39664,2,0.29
YLII_ECOLI,Aldose sugar dehydrogenase YliI OS=Escherichia coli (strain K12) GN=yliI PE=1 SV=1,37,41086,1,0.13
DXR_ECOLI,1-deoxy-D-xylulose 5-phosphate reductoisomerase OS=Escherichia coli (strain K12) GN=dxr PE=1 SV=2,37,43816,1,0.12
CITD_ECOBW,Citrate lyase acyl carrier protein OS=Escherichia coli (strain K12 / MC4100 / BW2952) GN=citD PE=3 SV=1,37,10797,1,0.57
PTRA_ECOLI,Protease 3 OS=Escherichia coli (strain K12) GN=ptrA PE=1 SV=1,37,107698,1,0.05
YJGA_ECOBW,UPF0307 protein YjgA OS=Escherichia coli (strain K12 / MC4100 / BW2952) GN=yjgA PE=3 SV=1,36,21346,1,0.26
DPO1_ECOLI,DNA polymerase I OS=Escherichia coli (strain K12) GN=polA PE=1 SV=1,36,103168,1,0.05
NAGC_ECOLI,N-acetylglucosamine repressor OS=Escherichia coli (strain K12) GN=nagC PE=2 SV=1,36,44970,1,0.12
RIBA_ECOBW,GTP cyclohydrolase-2 OS=Escherichia coli (strain K12 / MC4100 / BW2952) GN=ribA PE=3 SV=1,36,22050,1,0.25
PRMB_ECOLI,50S ribosomal protein L3 glutamine methyltransferase OS=Escherichia coli (strain K12) GN=prmB PE=1 SV=3,36,35265,1,0.15
YHCO_ECOLI,Uncharacterized protein YhcO OS=Escherichia coli (strain K12) GN=yhcO PE=3 SV=1,36,10789,1,0.57
ACYP_ECOLI,Acylphosphatase OS=Escherichia coli (strain K12) GN=yccX PE=1 SV=1,36,10407,1,0.6
HSLU_ECOBW,ATP-dependent protease ATPase subunit HslU OS=Escherichia coli (strain K12 / MC4100 / BW2952) GN=hslU PE=3 SV=1,35,49677,1,0.11
SLYA_ECOBW,Transcriptional regulator SlyA OS=Escherichia coli (strain K12 / MC4100 / BW2952) GN=slyA PE=3 SV=1,35,16400,1,0.35
YNFD_ECOLI,Uncharacterized protein YnfD OS=Escherichia coli (strain K12) GN=ynfD PE=1 SV=2,35,10698,1,0.58
GSPE_ECOLI,Putative type II secretion system protein E OS=Escherichia coli (strain K12) GN=gspE PE=1 SV=1,35,54862,1,0.1
APBC_ECOLI,Iron-sulfur cluster carrier protein OS=Escherichia coli (strain K12) GN=mrp PE=3 SV=1,35,40084,1,0.13
AROA_ECOBW,3-phosphoshikimate 1-carboxyvinyltransferase OS=Escherichia coli (strain K12 / MC4100 / BW2952) GN=aroA PE=3 SV=1,35,46409,1,0.11
GLMU_ECOBW,Bifunctional protein GlmU OS=Escherichia coli (strain K12 / MC4100 / BW2952) GN=glmU PE=3 SV=1,34,49388,1,0.11
RRAB_ECOLI,Regulator of ribonuclease activity B OS=Escherichia coli (strain K12) GN=rraB PE=1 SV=1,34,15764,1,0.37
RL14_ECO24,50S ribosomal protein L14 OS=Escherichia coli O139:H28 (strain E24377A / ETEC) GN=rplN PE=3 SV=1,34,13646,1,0.43
YBBN_ECOLI,Uncharacterized protein YbbN OS=Escherichia coli (strain K12) GN=ybbN PE=1 SV=2,34,31885,1,0.17
YCJX_ECOLI,Uncharacterized protein YcjX OS=Escherichia coli (strain K12) GN=ycjX PE=1 SV=1,34,52804,1,0.1
RL13_ECO24,50S ribosomal protein L13 OS=Escherichia coli O139:H28 (strain E24377A / ETEC) GN=rplM PE=3 SV=1,34,16009,1,0.36
TREC_ECOLI,Trehalose-6-phosphate hydrolase OS=Escherichia coli (strain K12) GN=treC PE=1 SV=3,33,64082,1,0.08
PQQL_ECOLI,Probable zinc protease PqqL OS=Escherichia coli (strain K12) GN=pqqL PE=3 SV=2,33,104706,1,0.05
YBCH_ECOLI,Uncharacterized protein YbcH OS=Escherichia coli (strain K12) GN=ybcH PE=3 SV=2,33,33150,1,0.17
CPOB_ECOLI,Cell division coordinator CpoB OS=Escherichia coli (strain K12) GN=cpoB PE=1 SV=2,33,28214,1,0.19
GLTD_ECOLI,Glutamate synthase [NADPH] small chain OS=Escherichia coli (strain K12) GN=gltD PE=1 SV=3,33,52609,1,0.1
SECD_ECOLI,Protein translocase subunit SecD OS=Escherichia coli (strain K12) GN=secD PE=1 SV=1,32,66648,1,0.08
YBIB_ECOLI,Uncharacterized protein YbiB OS=Escherichia coli (strain K12) GN=ybiB PE=1 SV=1,32,35311,1,0.15
UVRB_ECOBW,UvrABC system protein B OS=Escherichia coli (strain K12 / MC4100 / BW2952) GN=uvrB PE=3 SV=1,32,76235,1,0.07
YAJG_ECOLI,Uncharacterized lipoprotein YajG OS=Escherichia coli (strain K12) GN=yajG PE=3 SV=1,32,20994,1,0.26
NIFJ_ECOLI,Probable pyruvate-flavodoxin oxidoreductase OS=Escherichia coli (strain K12) GN=ydbK PE=3 SV=2,32,129827,1,0.04
AK1H_ECOLI,Bifunctional aspartokinase/homoserine dehydrogenase 1 OS=Escherichia coli (strain K12) GN=thrA PE=1 SV=2,32,89748,1,0.06
SDHD_ECOBW,D-serine dehydratase OS=Escherichia coli (strain K12 / MC4100 / BW2952) GN=dsdA PE=3 SV=1,31,48155,1,0.11
GLNB_ECOLI,Nitrogen regulatory protein P-II 1 OS=Escherichia coli (strain K12) GN=glnB PE=1 SV=1,31,12475,1,0.48
PYRI_ECOBW,Aspartate carbamoyltransferase regulatory chain OS=Escherichia coli (strain K12 / MC4100 / BW2952) GN=pyrI PE=3 SV=1,31,17338,1,0.33
GLPX_ECOLI,"Fructose-1,6-bisphosphatase 1 class 2 OS=Escherichia coli (strain K12) GN=glpX PE=1 SV=1",31,36001,1,0.15
UXAA_ECOLI,Altronate dehydratase OS=Escherichia coli (strain K12) GN=uxaA PE=1 SV=3,31,54572,1,0.1
UREG_ECOLX,Urease accessory protein UreG OS=Escherichia coli GN=ureG PE=2 SV=1,28,22340,1,0.25
LGUL_ECOLI,Lactoylglutathione lyase OS=Escherichia coli (strain K12) GN=gloA PE=1 SV=1,28,14968,1,0.39
HLDE_ECOBW,Bifunctional protein HldE OS=Escherichia coli (strain K12 / MC4100 / BW2952) GN=hldE PE=3 SV=1,27,51247,1,0.1
GLDA_ECOLI,Glycerol dehydrogenase OS=Escherichia coli (strain K12) GN=gldA PE=1 SV=1,26,39087,1,0.14
YECJ_ECOLI,Uncharacterized protein YecJ OS=Escherichia coli (strain K12) GN=yecJ PE=4 SV=1,24,9174,1,0.69
